{"count":1,"self":144.5938304,"total":492.61291439999997,"children":{"InitializeActuators":{"count":16,"self":0.0015071,"total":0.0015071,"children":null},"InitializeSensors":{"count":16,"self":0.0035091999999999996,"total":0.0035091999999999996,"children":null},"AgentSendState":{"count":194051,"self":0.86006799999999994,"total":140.71406,"children":{"GridSensor.Update":{"count":310496,"self":124.3279616,"total":124.3279579,"children":null},"CollectObservations":{"count":310496,"self":0.18374179999999998,"total":0.18374179999999998,"children":null},"WriteActionMask":{"count":310496,"self":0.0688044,"total":0.0688044,"children":null},"RequestDecision":{"count":310496,"self":0.3437749,"total":15.2734879,"children":{"AgentInfo.ToProto":{"count":310496,"self":0.2966637,"total":14.929713,"children":{"GenerateSensorData":{"count":310496,"self":0.72646959999999994,"total":14.6330493,"children":{"GridSensor.GetCompressedObservation":{"count":310496,"self":13.9065792,"total":13.9065797,"children":null}}}}}}}}},"DecideAction":{"count":194051,"self":201.1279232,"total":201.12792829999998,"children":null},"AgentAct":{"count":194051,"self":6.1000592,"total":6.1020698,"children":{"AgentInfo.ToProto":{"count":17,"self":0,"total":0.0020104999999999997,"children":{"GenerateSensorData":{"count":17,"self":0,"total":0.0020104999999999997,"children":{"GridSensor.GetCompressedObservation":{"count":17,"self":0.0020104999999999997,"total":0.0020104999999999997,"children":null}}}}}}},"AgentInfo.ToProto":{"count":993,"self":0.0030318,"total":0.0700034,"children":{"GenerateSensorData":{"count":993,"self":0.0066967,"total":0.066971599999999992,"children":{"GridSensor.GetCompressedObservation":{"count":993,"self":0.0602749,"total":0.0602749,"children":null}}}}}},"gauges":{"EpicAgent.CumulativeReward":{"count":1010,"max":37.9679871,"min":-11.8890486,"runningAverage":2.34554386,"value":-0.9865999,"weightedAverage":0.254514456}},"metadata":{"timer_format_version":"0.1.0","start_time_seconds":"1684962581","unity_version":"2022.2.20f1","command_line_arguments":"E:\\Program Files\\Unity\\Hub\\Editor\\2022.2.20f1\\Editor\\Unity.exe -projectpath E:\\Projects\\Unity\\PowerupCollect -useHub -hubIPC -cloudEnvironment production -licensingIpc LicenseClient-Baral -hubSessionId 6ca7a477-a8ae-4bca-ae30-27467400a68f -accessToken twZ_2mo8n5rNXHczc_3cYZBDU8QBA8HGfQze7W24MGk011f","communication_protocol_version":"1.5.0","com.unity.ml-agents_version":"2.0.1","scene_name":"PlayScene","end_time_seconds":"1684963074"}}