{"count":1,"self":220.35873279999998,"total":222.6166471,"children":{"InitializeActuators":{"count":1,"self":0.001001,"total":0.001001,"children":null},"InitializeSensors":{"count":1,"self":0.0030009999999999998,"total":0.0030009999999999998,"children":null},"AgentSendState":{"count":8387,"self":0.022219299999999997,"total":0.9224487,"children":{"GridSensor.Update":{"count":839,"self":0.88715099999999991,"total":0.88715099999999991,"children":null},"CollectObservations":{"count":839,"self":0.0010033,"total":0.0010033,"children":null},"WriteActionMask":{"count":839,"self":0.0025188999999999997,"total":0.0025188999999999997,"children":null},"RequestDecision":{"count":839,"self":0.0095561999999999991,"total":0.0095561999999999991,"children":null}}},"DecideAction":{"count":8387,"self":1.0611259,"total":1.2566674,"children":{"GridSensor.Write":{"count":839,"self":0.19554149999999998,"total":0.19554149999999998,"children":null}}},"AgentAct":{"count":8387,"self":0.0747861,"total":0.0747861,"children":null}},"gauges":{"EpicAgent.CumulativeReward":{"count":105,"max":49.6506271,"min":-11.0974922,"runningAverage":0.375684172,"value":-0.0009999999,"weightedAverage":-0.0009999997}},"metadata":{"timer_format_version":"0.1.0","start_time_seconds":"1685099630","unity_version":"2022.2.20f1","command_line_arguments":"E:\\Program Files\\Unity\\Hub\\Editor\\2022.2.20f1\\Editor\\Unity.exe -projectpath E:\\Projects\\Unity\\PowerupCollect -useHub -hubIPC -cloudEnvironment production -licensingIpc LicenseClient-Baral -hubSessionId 3cab0308-1ed0-465e-9c46-889609b0e93e -accessToken -1vRwWboWOcuZfJ4S70IuUHDsBvZFvMVv68l_V-ycJg011f","communication_protocol_version":"1.5.0","com.unity.ml-agents_version":"2.0.1","scene_name":"PlayScene","end_time_seconds":"1685099853"}}