{"count":1,"self":237.24544,"total":1864.4038142,"children":{"InitializeActuators":{"count":16,"self":0.0025069999999999997,"total":0.0025069999999999997,"children":null},"InitializeSensors":{"count":16,"self":0.0040472,"total":0.0040472,"children":null},"AgentSendState":{"count":385534,"self":2.65976,"total":1007.1192944,"children":{"GridSensor.Update":{"count":616864,"self":925.2733952,"total":925.273422,"children":null},"CollectObservations":{"count":616864,"self":0.4882466,"total":0.4882466,"children":null},"WriteActionMask":{"count":616864,"self":0.19116039999999998,"total":0.19116039999999998,"children":null},"RequestDecision":{"count":616864,"self":0.7854,"total":78.5067054,"children":{"AgentInfo.ToProto":{"count":616864,"self":0.7369275,"total":77.721305399999991,"children":{"GenerateSensorData":{"count":616864,"self":2.6401307999999997,"total":76.9843779,"children":{"GridSensor.GetCompressedObservation":{"count":616864,"self":74.3442496,"total":74.34424709999999,"children":null}}}}}}}}},"DecideAction":{"count":385534,"self":607.5325952,"total":607.5326166,"children":null},"AgentAct":{"count":385534,"self":12.2979928,"total":12.298993399999999,"children":{"AgentInfo.ToProto":{"count":16,"self":0,"total":0.0010004999999999999,"children":{"GenerateSensorData":{"count":16,"self":0,"total":0.0010004999999999999,"children":{"GridSensor.GetCompressedObservation":{"count":16,"self":0.0010004999999999999,"total":0.0010004999999999999,"children":null}}}}}}},"AgentInfo.ToProto":{"count":1420,"self":0.0022006,"total":0.2004214,"children":{"GenerateSensorData":{"count":1420,"self":0.0030115,"total":0.1982208,"children":{"GridSensor.GetCompressedObservation":{"count":1420,"self":0.1952093,"total":0.1952093,"children":null}}}}}},"gauges":{"EpicAgent.CumulativeReward":{"count":1436,"max":59.5094223,"min":-31.4401054,"runningAverage":1.84499872,"value":-5.1874,"weightedAverage":-1.74910927}},"metadata":{"timer_format_version":"0.1.0","start_time_seconds":"1685087291","unity_version":"2022.2.20f1","command_line_arguments":"E:\\Program Files\\Unity\\Hub\\Editor\\2022.2.20f1\\Editor\\Unity.exe -projectpath E:\\Projects\\Unity\\PowerupCollect -useHub -hubIPC -cloudEnvironment production -licensingIpc LicenseClient-Baral -hubSessionId 3cab0308-1ed0-465e-9c46-889609b0e93e -accessToken -1vRwWboWOcuZfJ4S70IuUHDsBvZFvMVv68l_V-ycJg011f","communication_protocol_version":"1.5.0","com.unity.ml-agents_version":"2.0.1","scene_name":"TrainScene","end_time_seconds":"1685089155"}}