{"count":1,"self":735.39609599999994,"total":6109.1997060999993,"children":{"InitializeActuators":{"count":16,"self":0.0019992,"total":0.0019992,"children":null},"InitializeSensors":{"count":16,"self":0.0029234,"total":0.0029234,"children":null},"AgentSendState":{"count":1250217,"self":8.9925792,"total":3345.7995349999997,"children":{"GridSensor.Update":{"count":2000352,"self":3083.43808,"total":3083.4380461,"children":null},"CollectObservations":{"count":2000352,"self":1.6894114,"total":1.6894114,"children":null},"WriteActionMask":{"count":2000352,"self":0.70384059999999993,"total":0.70384059999999993,"children":null},"RequestDecision":{"count":2000352,"self":2.6934687999999998,"total":250.9756573,"children":{"AgentInfo.ToProto":{"count":2000352,"self":2.2502164,"total":248.28218859999998,"children":{"GenerateSensorData":{"count":2000352,"self":8.6225288,"total":246.03197229999998,"children":{"GridSensor.GetCompressedObservation":{"count":2000352,"self":237.4094336,"total":237.40944349999998,"children":null}}}}}}}}},"DecideAction":{"count":1250217,"self":1986.9538304,"total":1986.9537896,"children":null},"AgentAct":{"count":1250217,"self":40.050959999999996,"total":40.054654899999996,"children":{"AgentInfo.ToProto":{"count":22,"self":0,"total":0.0036937,"children":{"GenerateSensorData":{"count":22,"self":0,"total":0.0036937,"children":{"GridSensor.GetCompressedObservation":{"count":22,"self":0.0036937,"total":0.0036937,"children":null}}}}}}},"AgentInfo.ToProto":{"count":6376,"self":0.0195077,"total":0.98920959999999991,"children":{"GenerateSensorData":{"count":6376,"self":0.045346899999999996,"total":0.9697019,"children":{"GridSensor.GetCompressedObservation":{"count":6376,"self":0.92435499999999993,"total":0.92435499999999993,"children":null}}}}}},"gauges":{"EpicAgent.CumulativeReward":{"count":6398,"max":140.611023,"min":-31.06081,"runningAverage":14.9385262,"value":-5.21532,"weightedAverage":14.3177814}},"metadata":{"timer_format_version":"0.1.0","start_time_seconds":"1685090383","unity_version":"2022.2.20f1","command_line_arguments":"E:\\Program Files\\Unity\\Hub\\Editor\\2022.2.20f1\\Editor\\Unity.exe -projectpath E:\\Projects\\Unity\\PowerupCollect -useHub -hubIPC -cloudEnvironment production -licensingIpc LicenseClient-Baral -hubSessionId 3cab0308-1ed0-465e-9c46-889609b0e93e -accessToken -1vRwWboWOcuZfJ4S70IuUHDsBvZFvMVv68l_V-ycJg011f","communication_protocol_version":"1.5.0","com.unity.ml-agents_version":"2.0.1","scene_name":"TrainScene","end_time_seconds":"1685096492"}}