{"count":1,"self":1954.9927424,"total":12396.9311224,"children":{"InitializeActuators":{"count":16,"self":0.0020001,"total":0.0020001,"children":null},"InitializeSensors":{"count":16,"self":0.0050263999999999994,"total":0.0050263999999999994,"children":null},"AgentSendState":{"count":2548067,"self":20.270415999999997,"total":6202.4690233,"children":{"GridSensor.Update":{"count":4077120,"self":5599.5080704,"total":5599.5079369,"children":null},"CollectObservations":{"count":4077120,"self":3.6285659999999997,"total":3.6285659999999997,"children":null},"WriteActionMask":{"count":4077120,"self":1.6911888,"total":1.6911889,"children":null},"RequestDecision":{"count":4077120,"self":6.5109208,"total":577.3709149,"children":{"AgentInfo.ToProto":{"count":4077120,"self":6.3438279999999994,"total":570.8599939,"children":{"GenerateSensorData":{"count":4077120,"self":13.9370464,"total":564.516166,"children":{"GridSensor.GetCompressedObservation":{"count":4077120,"self":550.5790976,"total":550.57911919999992,"children":null}}}}}}}}},"DecideAction":{"count":2548067,"self":4174.9090304,"total":4174.909116,"children":null},"AgentAct":{"count":2548067,"self":62.5518016,"total":62.5518046,"children":null},"AgentInfo.ToProto":{"count":11650,"self":0.0287838,"total":2.0013549,"children":{"GenerateSensorData":{"count":11650,"self":0.0668245,"total":1.9725711,"children":{"GridSensor.GetCompressedObservation":{"count":11650,"self":1.9057465999999998,"total":1.9057465999999998,"children":null}}}}}},"gauges":{"EpicAgent.CumulativeReward":{"count":11650,"max":12.0444031,"min":-13.46415,"runningAverage":1.66486919,"value":0.27085197,"weightedAverage":1.9723469}},"metadata":{"timer_format_version":"0.1.0","start_time_seconds":"1685189001","unity_version":"2022.2.20f1","command_line_arguments":"E:\\Program Files\\Unity\\Hub\\Editor\\2022.2.20f1\\Editor\\Unity.exe -projectpath E:\\Projects\\Unity\\PowerupCollect -useHub -hubIPC -cloudEnvironment production -licensingIpc LicenseClient-Baral -hubSessionId 279346db-e3e8-4881-bfe5-9f8ef66230a5 -accessToken Zg_jHI8YNDpQQ-68vJ26Kzb7o-TcwpC6Lgi9TZr1ySI011f","communication_protocol_version":"1.5.0","com.unity.ml-agents_version":"2.0.1","scene_name":"TrainScene","end_time_seconds":"1685201398"}}